Unique_ID,Planting_Year,Year,Yard_Age,Variety,Variety_Susceptibility,FS_Binary,Pruning_Type,Mech_Prune,Pruning_Quality,Poor_Prune,Suscept_Binary,Flagshoots,Second_Year
1,2013,2014,1,Crystal,0,0,Notprune,1,5,1,0,0,1
2,2013,2015,2,Crystal,0,0,Chemical,1,5,1,0,0,0
3,2014,2015,1,Fuggle,1,0,Chemical,1,1,0,0,0,1
4,2013,2015,2,Fuggle,1,0,Mechanic,0,2,0,0,0,0
5,2011,2016,5,Cascade,1,0,Mechanic,0,1,0,0,0,0
6,2013,2016,3,Crystal,0,0,Mechanic,0,5,1,0,0,0
7,2013,2016,3,Fuggle,1,0,Mechanic,0,3,1,0,0,0
8,2013,2016,3,Tettnang,3,0,Mow_chem,1,2,0,1,0,0
9,2013,2016,3,Cascade,1,0,Mow_chem,1,1,0,0,0,0
10,2014,2016,2,Fuggle,1,0,Mechanic,0,3,1,0,0,0
11,1986,2016,30,Nugget,4,1,Chemical,1,3,1,1,0.00125,0
12,2016,2017,1,Willamette,3,0,Notprune,1,5,1,1,0,1
13,2012,2017,5,Santiam,1,0,Chemical,1,2,0,0,0,0
14,1986,2017,31,Nugget,4,0,Chemical,1,1,0,1,0,0
15,2011,2014,3,Cascade,1,0,Notprune,1,5,1,0,0,0
16,2013,2014,1,Lots,NA,0,Other,1,5,1,NA,0,1
17,1990,2014,24,Mt.Hood,2,0,Chemical,1,2,0,1,0,0
18,2011,2015,4,Cascade,1,0,Chemical,1,3,1,0,0,0
19,2013,2015,2,Crystal,0,0,Mechanic,0,4,1,0,0,0
20,2013,2015,2,Bravo,4,0,Mow_chem,1,2,0,1,0,0
21,2013,2015,2,Cascade,1,0,Mow_chem,1,3,1,0,0,0
22,2010,2015,5,Mt.Hood,2,0,Mow_chem,1,5,1,1,0,0
23,2004,2015,11,Sterling,3,0,Mowed,1,5,1,1,0,0
24,2004,2015,11,BrewersGold,4,0,Mowed,1,5,1,1,0,0
25,2004,2015,11,Santiam,1,0,Mow_chem,1,5,1,0,0,0
26,2004,2015,11,Santiam,1,0,Mowed,1,5,1,0,0,0
27,2014,2015,1,Nugget,4,0,Mow_chem,1,1,0,1,0,1
28,2013,2015,2,Cascade,1,0,Mow_chem,1,2,0,0,0,0
29,2013,2015,2,Apollo,5,0,Mow_chem,1,2,0,1,0,0
30,2013,2015,2,Chinook,4,0,Mow_chem,1,1,0,1,0,0
31,2000,2015,15,Sterling,3,0,Chemical,1,4,1,1,0,0
32,2016,2016,0,Crystal,0,0,Mow_chem,1,1,0,0,0,0
33,2015,2016,1,Crystal,0,0,Chemical,1,2,0,0,0,1
34,2004,2016,12,Sterling,3,0,Notprune,1,5,1,1,0,0
35,2013,2016,3,Centennial,3,0,Chemical,1,5,1,1,0,0
36,2015,2017,2,Sterling,3,0,Chemical,1,2,0,1,0,0
37,2016,2017,1,Tettnang,3,0,Chemical,1,2,0,1,0,1
38,2016,2017,1,Crystal,0,0,Chemical,1,2,0,0,0,1
39,2004,2017,13,Santiam,1,0,Mow_chem,1,1,0,0,0,0
40,2004,2017,13,Santiam,1,0,Chemical,1,1,0,0,0,0
41,2004,2017,13,Sterling,3,0,Mechanic,0,1,0,1,0,0
42,2004,2017,13,BrewersGold,4,0,Mow_chem,1,1,0,1,0,0
43,2017,2018,1,Comet,0,0,Notprune,1,5,1,0,0,1
44,2014,2014,0,Fuggle,1,0,Mechanic,0,1,0,0,0,0
45,2013,2014,1,Cascade,1,0,Chemical,1,3,1,0,0,1
46,2013,2014,1,Tettnang,3,0,Chemical,1,2,0,1,0,1
47,2011,2014,3,Sterling,3,0,Notprune,1,5,1,1,0,0
48,2015,2015,0,Centennial,3,0,Notprune,1,5,1,1,0,0
49,2014,2015,1,Willamette,3,0,Notprune,1,5,1,1,0,1
50,2014,2015,1,Sterling,3,0,Notprune,1,5,1,1,0,1
51,2014,2015,1,Centennial,3,0,Mechanic,0,1,0,1,0,1
52,2014,2015,1,Centennial,3,0,Mechanic,0,1,0,1,0,1
53,2011,2015,4,Centennial,3,0,Mechanic,0,1,0,1,0,0
54,2014,2015,1,Cascade,1,0,Chemical,1,4,1,0,0,1
55,2013,2015,2,Cascade,1,0,Mechanic,0,4,1,0,0,0
56,2013,2015,2,Centennial,3,0,Chemical,1,3,1,1,0,0
57,2014,2015,1,Willamette,3,0,Chemical,1,2,0,1,0,1
58,2013,2015,2,Tettnang,3,0,Chemical,1,2,0,1,0,0
59,2014,2015,1,Magnum,4,0,Chemical,1,5,1,1,0,1
60,2014,2015,1,Crystal,0,0,Notprune,1,5,1,0,0,1
61,2008,2015,7,OrganicF,1,0,Chemical,1,4,1,0,0,0
62,2014,2015,1,Cascade,1,0,Notprune,1,5,1,0,0,1
63,2014,2015,1,SorachiAce,3,0,Notprune,1,5,1,1,0,1
64,2014,2015,1,Magnum,4,0,Chemical,1,4,1,1,0,1
65,2012,2015,3,Magnum,4,0,Chemical,1,4,1,1,0,0
66,2012,2015,3,Sterling,3,0,Chemical,1,5,1,1,0,0
67,1990,2016,26,Mt.Hood,2,0,Mechanic,0,1,0,1,0,0
68,2014,2016,2,Centennial,3,0,Mechanic,0,1,0,1,0,0
69,2014,2016,2,Centennial,3,0,Mechanic,0,1,0,1,0,0
70,2014,2016,2,Crystal,0,0,Chemical,1,3,1,0,0,0
71,2011,2016,5,Centennial,3,0,Mechanic,0,1,0,1,0,0
72,2016,2016,0,Crystal,0,0,Mow_chem,1,5,1,0,0,0
73,2014,2016,2,Crystal,0,0,Mow_chem,1,5,1,0,0,0
74,2013,2016,3,Cascade,1,0,Mow_chem,1,3,1,0,0,0
75,2011,2016,5,Magnum,4,0,Mow_chem,1,2,0,1,0,0
76,2004,2016,12,BrewersGold,4,0,Notprune,1,5,1,1,0,0
77,2004,2016,12,Santiam,1,0,Notprune,1,5,1,0,0,0
78,2013,2016,3,Cascade,1,0,Chemical,1,5,1,0,0,0
79,2010,2016,6,Mt.Hood,2,0,Mow_chem,1,2,0,1,0,0
80,2004,2016,12,Santiam,1,0,Notprune,1,5,1,0,0,0
81,2006,2016,10,Nugget,4,0,Mechanic,0,2,0,1,0,0
82,2006,2016,10,Nugget,4,0,Mechanic,0,1,0,1,0,0
83,2006,2016,10,Millennium,4,0,Mow_chem,1,2,0,1,0,0
84,2014,2016,2,SorachiAce,3,0,Chemical,1,3,1,1,0,0
85,2014,2016,2,Cascade,1,0,Mechanic,0,4,1,0,0,0
86,2016,2017,1,HHA102,2,0,Chemical,1,2,0,1,0,1
87,2010,2017,7,Mt.Hood,2,0,Mow_chem,1,1,0,1,0,0
88,1984,2017,33,Nugget,4,0,Chemical,1,2,0,1,0,0
89,2014,2014,0,Willamette,3,0,Chemical,1,1,0,1,0,0
90,2013,2014,1,Cascade,1,0,Chemical,1,3,1,0,0,1
91,NA,2014,NA,Crystal,0,0,Chemical,1,1,0,0,0,0
92,2014,2014,0,Willamette,3,0,Chemical,1,1,0,1,0,0
93,2013,2014,1,Fuggle,1,0,Mechanic,0,3,1,0,0,1
94,1993,2014,21,Nugget,4,0,Chemical,1,2,0,1,0,0
95,NA,2014,NA,Crystal,0,0,Chemical,1,1,0,0,0,0
96,1993,2014,21,Nugget,4,0,Chemical,1,2,0,1,0,0
97,2014,2015,1,Crystal,0,0,Mechanic,0,1,0,0,0,1
98,1993,2015,22,Nugget,4,0,Chemical,1,2,0,1,0,0
99,NA,2015,NA,Crystal,0,0,Chemical,1,5,1,0,0,0
100,NA,2015,NA,Crystal,0,0,Chemical,1,2,0,0,0,0
101,2014,2015,1,Magnum,4,0,Notprune,1,5,1,1,0,1
102,2014,2015,1,Tettnang,3,0,Notprune,1,5,1,1,0,1
103,2006,2015,9,Nugget,4,0,Chemical,1,3,1,1,0,0
104,2015,2015,0,Crystal,0,0,Mow_chem,1,5,1,0,0,0
105,2013,2015,2,Cascade,1,0,Mow_chem,1,4,1,0,0,0
106,2011,2015,4,Magnum,4,0,Mow_chem,1,5,1,1,0,0
107,2006,2015,9,Nugget,4,0,Mechanic,0,3,1,1,0,0
108,1993,2015,22,Nugget,4,0,Mow_chem,1,1,0,1,0,0
109,2006,2015,9,Nugget,4,0,Mechanic,0,2,0,1,0,0
110,2016,2016,0,Golding,4,0,Chemical,1,5,1,1,0,0
111,2013,2016,3,Chinook,4,0,Chemical,1,4,1,1,0,0
112,2011,2016,5,Columbia,2,0,Chemical,1,5,1,1,0,0
113,2011,2016,5,Tettnang,3,0,Chemical,1,5,1,1,0,0
114,2011,2016,5,Saaz,3,0,Chemical,1,5,1,1,0,0
115,2007,2016,9,Cascade,1,0,Chemical,1,5,1,0,0,0
116,2002,2016,14,Fuggle,1,0,Chemical,1,4,1,0,0,0
117,2002,2016,14,Fuggle,1,0,Notprune,1,5,1,0,0,0
118,2000,2016,16,Liberty,1,0,Chemical,1,5,1,0,0,0
119,2000,2016,16,Liberty,1,0,Notprune,1,5,1,0,0,0
120,2000,2016,16,Liberty,1,0,Notprune,1,5,1,0,0,0
121,2014,2016,2,Golding,4,0,Mechanic,0,1,0,1,0,0
122,2014,2016,2,Chinook,4,0,Mechanic,0,1,0,1,0,0
123,2014,2016,2,Mt.Hood,2,0,Mechanic,0,1,0,1,0,0
124,1992,2016,24,Nugget,4,0,Mechanic,0,1,0,1,0,0
125,1992,2016,24,Nugget,4,0,Mechanic,0,1,0,1,0,0
126,1992,2016,24,Nugget,4,0,Mechanic,0,1,0,1,0,0
127,2016,2016,0,Crystal,0,0,Mow_chem,1,5,1,0,0,0
128,2014,2016,2,Cascade,1,0,Chemical,1,3,1,0,0,0
129,2008,2016,8,Willamette,3,0,Chemical,1,5,1,1,0,0
130,2008,2016,8,Centennial,3,0,Chemical,1,3,1,1,0,0
131,2000,2016,16,Willamette,3,0,Chemical,1,5,1,1,0,0
132,2002,2016,14,Willamette,3,0,Chemical,1,5,1,1,0,0
133,2004,2016,12,Willamette,3,0,Mechanic,0,2,0,1,0,0
134,2013,2016,3,Simcoe,4,0,Chemical,1,2,0,1,0,0
135,2014,2016,2,Centennial,3,0,Chemical,1,2,0,1,0,0
136,1998,2016,18,Willamette,3,0,Chemical,1,5,1,1,0,0
137,2013,2016,3,Cascade,1,0,Mow_chem,1,1,0,0,0,0
138,1993,2016,23,Nugget,4,0,Mow_chem,1,3,1,1,0,0
139,1999,2016,17,Magnum,4,0,Notprune,1,5,1,1,0,0
140,1999,2016,17,Magnum,4,0,Notprune,1,5,1,1,0,0
141,2000,2016,16,Sterling,3,0,Mechanic,0,2,0,1,0,0
142,1999,2016,17,Hallertau,2,0,Notprune,1,5,1,1,0,0
143,1999,2016,17,Hallertau,2,1,Chemical,1,5,1,1,0.00125,0
144,2012,2016,4,Sterling,3,0,Notprune,1,5,1,1,0,0
145,2002,2016,14,Fuggle,1,0,Chemical,1,5,1,0,0,0
146,2013,2016,3,SorachiAce,3,0,Chemical,1,5,1,1,0,0
147,2016,2017,1,Mosaic,1,0,Chemical,1,1,0,0,0,1
148,2016,2017,1,Crystal,0,0,Chemical,1,3,1,0,0,1
149,2008,2017,9,Centennial,3,0,Chemical,1,3,1,1,0,0
150,2016,2017,1,Centennial,3,0,Mow_chem,1,1,0,1,0,1
151,2015,2017,2,Crystal,0,0,Chemical,1,1,0,0,0,0
152,2006,2017,11,Millennium,4,0,Mow_chem,1,2,0,1,0,0
153,2011,2017,6,Magnum,4,0,Mow_chem,1,1,0,1,0,0
154,2015,2017,2,Tahoma,3,0,Chemical,1,3,1,1,0,0
155,2013,2017,4,Cascade,1,0,Mow_chem,1,2,0,0,0,0
156,NA,2014,NA,Crystal,0,0,Chemical,1,1,0,0,0,0
157,2013,2014,1,Bravo,4,0,Chemical,1,2,0,1,0,1
158,2008,2014,6,OrganicF,1,0,Chemical,1,4,1,0,0,0
159,2013,2014,1,Chinook,4,0,Chemical,1,3,1,1,0,1
160,2013,2014,1,Apollo,5,0,Chemical,1,2,0,1,0,1
161,2014,2014,0,Nugget,4,0,Chemical,1,2,0,1,0,0
162,2006,2014,8,Nugget,4,0,Mechanic,0,5,1,1,0,0
163,2006,2014,8,Nugget,4,0,Chemical,1,4,1,1,0,0
164,2012,2014,2,Sterling,3,1,Chemical,1,4,1,1,0.005,0
165,2013,2014,1,Magnum,4,1,Notprune,1,5,1,1,0.05,1
166,2014,2015,1,Golding,4,0,Mechanic,0,1,0,1,0,1
167,2014,2015,1,Chinook,4,0,Mechanic,0,1,0,1,0,1
168,2014,2015,1,Mt.Hood,2,0,Mechanic,0,1,0,1,0,1
169,1992,2015,23,Nugget,4,0,Mechanic,0,2,0,1,0,0
170,1992,2015,23,Nugget,4,0,Mechanic,0,1,0,1,0,0
171,1992,2015,23,Nugget,4,0,Mechanic,0,2,0,1,0,0
172,2014,2015,1,Willamette,3,0,Chemical,1,2,0,1,0,1
173,NA,2015,NA,Centennial,3,0,Chemical,1,5,1,1,0,0
174,NA,2015,NA,HHA102,2,0,Chemical,1,5,1,1,0,0
175,NA,2015,NA,Crystal,0,0,Notprune,1,5,1,0,0,0
176,2008,2015,7,Willamette,3,0,Chemical,1,5,1,1,0,0
177,2014,2015,1,Cascade,1,0,Mow_chem,1,1,0,0,0,1
178,2012,2015,3,Santiam,1,0,Chemical,1,5,1,0,0,0
179,2012,2015,3,Centennial,3,0,Chemical,1,5,1,1,0,0
180,2012,2015,3,Meridian,3,0,Chemical,1,5,1,1,0,0
181,2002,2015,13,Willamette,3,0,Chemical,1,5,1,1,0,0
182,2004,2015,11,Willamette,3,0,Chemical,1,5,1,1,0,0
183,2013,2015,2,Simcoe,4,0,Mow_chem,1,5,1,1,0,0
184,2013,2015,2,Cascade,1,0,Chemical,1,3,1,0,0,0
185,1981,2015,34,Willamette,3,0,Mechanic,0,1,0,1,0,0
186,2013,2015,2,Centennial,3,0,Chemical,1,3,1,1,0,0
187,2012,2015,3,BrewersGold,4,0,Chemical,1,2,0,1,0,0
188,2013,2015,2,Tettnang,3,0,Chemical,1,2,0,1,0,0
189,1990,2015,25,Mt.Hood,2,0,Chemical,1,5,1,1,0,0
190,1984,2015,31,Nugget,4,0,Chemical,1,4,1,1,0,0
191,1988,2015,27,Nugget,4,0,Mechanic,0,2,0,1,0,0
192,2013,2015,2,Magnum,4,0,Mechanic,0,4,1,1,0,0
193,1991,2015,24,Nugget,4,0,Mechanic,0,2,0,1,0,0
194,2013,2016,3,Crystal,0,0,Chemical,1,5,1,0,0,0
195,2015,2016,1,Sterling,3,0,Notprune,1,5,1,1,0,1
196,2014,2016,2,Willamette,3,0,Notprune,1,5,1,1,0,0
197,2014,2016,2,Cascade,1,0,Notprune,1,5,1,0,0,0
198,2014,2016,2,Sterling,3,0,Notprune,1,5,1,1,0,0
199,2015,2016,1,Amarillo,3,0,Mechanic,0,1,0,1,0,1
200,2015,2016,1,Cascade,1,0,Chemical,1,1,0,0,0,1
201,2014,2016,2,Willamette,3,0,Mow_chem,1,3,1,1,0,0
202,2014,2016,2,Willamette,3,0,Mow_chem,1,5,1,1,0,0
203,1993,2016,23,Nugget,4,0,Mow_chem,1,3,1,1,0,0
204,NA,2016,NA,Centennial,3,0,Mechanic,0,2,0,1,0,0
205,2011,2016,5,Sterling,3,0,Chemical,1,5,1,1,0,0
206,2015,2016,1,Strata,1,0,Chemical,1,3,1,0,0,1
207,2014,2016,2,Magnum,4,0,Chemical,1,4,1,1,0,0
208,2013,2016,3,Santiam,1,0,Mechanic,0,1,0,0,0,0
209,2012,2016,4,Santiam,1,0,Mow_chem,1,5,1,0,0,0
210,2012,2016,4,Cascade,1,0,Mechanic,0,1,0,0,0,0
211,2012,2016,4,Centennial,3,0,Mechanic,0,4,1,1,0,0
212,2012,2016,4,BrewersGold,4,0,Chemical,1,3,1,1,0,0
213,2014,2016,2,Magnum,4,0,Mechanic,0,4,1,1,0,0
214,2012,2016,4,Cascade,1,0,Chemical,1,3,1,0,0,0
215,2012,2016,4,Centennial,3,0,Chemical,1,3,1,1,0,0
216,2012,2016,4,Magnum,4,0,Notprune,1,5,1,1,0,0
217,2015,2016,1,Simcoe,4,0,Notprune,1,5,1,1,0,1
218,2015,2016,1,Simcoe,4,0,Notprune,1,5,1,1,0,1
219,2013,2016,3,Centennial,3,0,Chemical,1,5,1,1,0,0
220,2013,2016,3,Bullion,2,0,Chemical,1,3,1,1,0,0
221,1991,2016,25,Nugget,4,1,Mechanic,0,3,1,1,0.002460025,0
222,2016,2017,1,Centennial,3,0,Notprune,1,5,1,1,0,1
223,2013,2017,4,Fuggle,1,0,Mechanic,0,1,0,0,0,0
224,2016,2017,1,Sterling,3,0,Notprune,1,5,1,1,0,1
225,2015,2017,2,Strata,1,0,Chemical,1,3,1,0,0,0
226,2013,2017,4,Centennial,3,0,Chemical,1,3,1,1,0,0
227,2014,2017,3,Centennial,3,0,Chemical,1,1,0,1,0,0
228,1988,2017,29,Willamette,3,0,Mechanic,0,5,1,1,0,0
229,2013,2017,4,Simcoe,4,0,Chemical,1,4,1,1,0,0
230,2011,2014,3,Saaz,3,0,Chemical,1,3,1,1,0,0
231,2002,2014,12,Fuggle,1,0,Chemical,1,3,1,0,0,0
232,2002,2014,12,Fuggle,1,0,Chemical,1,3,1,0,0,0
233,2000,2014,14,Liberty,1,0,Chemical,1,3,1,0,0,0
234,2013,2014,1,Cascade,1,0,Chemical,1,1,0,0,0,1
235,2013,2014,1,Centennial,3,0,Notprune,1,5,1,1,0,1
236,2013,2014,1,Crystal,0,0,Chemical,1,1,0,0,0,1
237,NA,2014,NA,Cascade,1,0,Chemical,1,3,1,0,0,0
238,2009,2014,5,Magnum,4,0,Other,1,4,1,1,0,0
239,2008,2014,6,Tettnang,3,0,Chemical,1,2,0,1,0,0
240,2013,2014,1,Chinook,4,0,Chemical,1,3,1,1,0,1
241,2007,2014,7,Cascade,1,0,Chemical,1,3,1,0,0,0
242,2002,2014,12,Willamette,3,0,Chemical,1,2,0,1,0,0
243,2000,2014,14,Liberty,1,0,Chemical,1,3,1,0,0,0
244,2011,2014,3,Golding,4,0,Chemical,1,4,1,1,0,0
245,2000,2014,14,Liberty,1,0,Chemical,1,5,1,0,0,0
246,2000,2014,14,Liberty,1,0,Chemical,1,3,1,0,0,0
247,1999,2014,15,Magnum,4,0,Chemical,1,4,1,1,0,0
248,2008,2014,6,Santiam,1,0,Chemical,1,3,1,0,0,0
249,2004,2014,10,Willamette,3,1,Chemical,1,2,0,1,0.01,0
250,2008,2014,6,Willamette,3,0,Chemical,1,2,0,1,0,0
251,2002,2014,12,Fuggle,1,0,Chemical,1,2,0,0,0,0
252,1999,2014,15,Magnum,4,0,Chemical,1,5,1,1,0,0
253,2011,2014,3,Columbia,2,0,Chemical,1,4,1,1,0,0
254,2011,2014,3,Tettnang,3,0,Chemical,1,3,1,1,0,0
255,1999,2014,15,Hallertau,2,0,Chemical,1,5,1,1,0,0
256,1998,2014,16,Willamette,3,0,Chemical,1,4,1,1,0,0
257,1999,2014,15,Hallertau,2,0,Chemical,1,3,1,1,0,0
258,2013,2014,1,SorachiAce,3,0,Chemical,1,5,1,1,0,1
259,2013,2015,2,Chinook,4,0,Notprune,1,5,1,1,0,0
260,2011,2015,4,Columbia,2,0,Notprune,1,5,1,1,0,0
261,2011,2015,4,Golding,4,0,Notprune,1,5,1,1,0,0
262,2011,2015,4,Saaz,3,0,Notprune,1,5,1,1,0,0
263,2007,2015,8,Cascade,1,0,Notprune,1,5,1,0,0,0
264,2002,2015,13,Fuggle,1,0,Chemical,1,5,1,0,0,0
265,2000,2015,15,Liberty,1,0,Notprune,1,5,1,0,0,0
266,2000,2015,15,Liberty,1,0,Notprune,1,5,1,0,0,0
267,2000,2015,15,Liberty,1,0,Notprune,1,5,1,0,0,0
268,1999,2015,16,Magnum,4,0,Chemical,1,5,1,1,0,0
269,1999,2015,16,Magnum,4,0,Notprune,1,5,1,1,0,0
270,1998,2015,17,Willamette,3,0,Notprune,1,5,1,1,0,0
271,NA,2015,NA,Cascade,1,0,Chemical,1,3,1,0,0,0
272,2011,2015,4,Sterling,3,0,Mechanic,0,1,0,1,0,0
273,2001,2015,14,Sterling,3,0,Chemical,1,4,1,1,0,0
274,2013,2015,2,Santiam,1,0,Chemical,1,5,1,0,0,0
275,2012,2015,3,Cascade,1,0,Chemical,1,2,0,0,0,0
276,2012,2015,3,Cascade,1,0,Chemical,1,3,1,0,0,0
277,2012,2015,3,Centennial,3,0,Chemical,1,4,1,1,0,0
278,2008,2015,7,Willamette,3,0,Mow_chem,1,4,1,1,0,0
279,2008,2015,7,Centennial,3,0,Mow_chem,1,1,0,1,0,0
280,2008,2015,7,Tettnang,3,0,Chemical,1,5,1,1,0,0
281,2000,2015,15,Willamette,3,0,Chemical,1,5,1,1,0,0
282,2006,2015,9,Millennium,4,0,Mow_chem,1,5,1,1,0,0
283,1995,2015,20,Nugget,4,0,Mechanic,0,3,1,1,0,0
284,1998,2015,17,Sterling,3,0,Chemical,1,3,1,1,0,0
285,2002,2015,13,Fuggle,1,0,Chemical,1,4,1,0,0,0
286,1995,2015,20,Nugget,4,0,Mechanic,0,3,1,1,0,0
287,2013,2015,2,SorachiAce,3,0,Chemical,1,4,1,1,0,0
288,1999,2015,16,Hallertau,2,0,Chemical,1,5,1,1,0,0
289,2013,2015,2,Bullion,2,0,Mowed,1,4,1,1,0,0
290,1999,2015,16,Magnum,4,0,Chemical,1,5,1,1,0,0
291,2002,2015,13,Fuggle,1,1,Chemical,1,5,1,0,0.0025,0
292,2011,2015,4,Tettnang,3,0,Chemical,1,3,1,1,0,0
293,1986,2015,29,Nugget,4,0,Mechanic,0,1,0,1,0,0
294,1991,2015,24,Nugget,4,0,Chemical,1,3,1,1,0,0
295,1999,2015,16,Hallertau,2,1,Chemical,1,4,1,1,0.005,0
296,1995,2015,20,Nugget,4,0,Mechanic,0,3,1,1,0,0
297,2008,2015,7,SuperGalena,5,1,Mechanic,0,5,1,1,0.0025,0
298,1984,2015,31,Nugget,4,0,Chemical,1,3,1,1,0,0
299,2015,2016,1,Tahoma,3,0,Notprune,1,5,1,1,0,1
300,2013,2016,3,Bravo,4,0,Mow_chem,1,3,1,1,0,0
301,2016,2016,0,HHA102,2,0,Mechanic,0,2,0,1,0,0
302,2016,2016,0,Cascade,1,0,Chemical,1,5,1,0,0,0
303,2015,2016,1,Tettnang,3,0,Chemical,1,5,1,1,0,1
304,2014,2016,2,Tettnang,3,0,Mow_chem,1,3,1,1,0,0
305,1981,2016,35,Willamette,3,0,Mechanic,0,5,1,1,0,0
306,1988,2016,28,Willamette,3,0,Mechanic,0,3,1,1,0,0
307,2006,2016,10,Nugget,4,0,Mow_chem,1,2,0,1,0,0
308,2013,2016,3,Chinook,4,0,Mow_chem,1,3,1,1,0,0
309,2013,2016,3,Cascade,1,0,Chemical,1,2,0,0,0,0
310,2014,2016,2,Nugget,4,0,Mow_chem,1,3,1,1,0,0
311,2013,2016,3,Apollo,5,0,Mow_chem,1,3,1,1,0,0
312,2013,2016,3,Tettnang,3,1,Chemical,1,3,1,1,0.0075,0
313,1984,2016,32,Nugget,4,0,Mechanic,0,1,0,1,0,0
314,2015,2017,2,Centennial,3,0,Chemical,1,3,1,1,0,0
315,2015,2017,2,Simcoe,4,0,Chemical,1,2,0,1,0,0
316,2015,2017,2,Simcoe,4,0,Chemical,1,2,0,1,0,0
317,2014,2017,3,Fuggle,1,0,Mechanic,0,1,0,0,0,0
318,2013,2017,4,Centennial,3,0,Mechanic,0,3,1,1,0,0
319,2014,2017,3,Nugget,4,0,Mow_chem,1,1,0,1,0,0
320,2013,2017,4,Tettnang,3,0,Mow_chem,1,1,0,1,0,0
321,2013,2017,4,Cascade,1,0,Mow_chem,1,1,0,0,0,0
322,2014,2017,3,Cascade,1,0,Chemical,1,3,1,0,0,0
323,2012,2017,5,Centennial,3,0,Notprune,1,5,1,1,0,0
324,2008,2017,9,Willamette,3,0,Chemical,1,2,0,1,0,0
325,2013,2017,4,Cascade,1,0,Mechanic,0,1,0,0,0,0
326,1981,2017,36,Willamette,3,0,Mechanic,0,5,1,1,0,0
327,2012,2017,5,BrewersGold,4,0,Chemical,1,2,0,1,0,0
328,2012,2017,5,Magnum,4,0,Chemical,1,2,0,1,0,0
329,2014,2014,0,Golding,4,0,Chemical,1,2,0,1,0,0
330,2014,2014,0,Chinook,4,0,Chemical,1,2,0,1,0,0
331,2014,2014,0,Mt.Hood,2,0,Mechanic,0,1,0,1,0,0
332,2014,2014,0,Centennial,3,0,Chemical,1,2,0,1,0,0
333,2014,2014,0,Cascade,1,0,Chemical,1,2,0,0,0,0
334,2011,2014,3,Centennial,3,0,Chemical,1,3,1,1,0,0
335,1992,2014,22,Nugget,4,0,Mechanic,0,1,0,1,0,0
336,1992,2014,22,Nugget,4,0,Mechanic,0,1,0,1,0,0
337,1992,2014,22,Nugget,4,0,Mechanic,0,1,0,1,0,0
338,NA,2014,NA,HHA102,2,0,Chemical,1,1,0,1,0,0
339,2001,2014,13,Sterling,3,0,Chemical,1,3,1,1,0,0
340,2014,2014,0,Centennial,3,0,Chemical,1,3,1,1,0,0
341,2008,2014,6,Willamette,3,0,Chemical,1,3,1,1,0,0
342,2012,2014,2,Meridian,3,0,Chemical,1,1,0,1,0,0
343,1998,2014,16,Sterling,3,0,Chemical,1,5,1,1,0,0
344,2000,2014,14,Willamette,3,0,Chemical,1,2,0,1,0,0
345,2012,2014,2,Cascade,1,0,Chemical,1,1,0,0,0,0
346,1995,2014,19,Nugget,4,0,Mechanic,0,4,1,1,0,0
347,NA,2014,NA,Centennial,3,0,Chemical,1,1,0,1,0,0
348,1995,2014,19,Nugget,4,0,Mechanic,0,2,0,1,0,0
349,1995,2014,19,Nugget,4,0,Mechanic,0,4,1,1,0,0
350,1995,2014,19,Nugget,4,0,Mechanic,0,1,0,1,0,0
351,1999,2014,15,Magnum,4,1,Chemical,1,3,1,1,0.005,0
352,1991,2014,23,Nugget,4,0,Chemical,1,2,0,1,0,0
353,2000,2014,14,Sterling,3,0,Chemical,1,2,0,1,0,0
354,1988,2015,27,Willamette,3,0,Mechanic,0,2,0,1,0,0
355,1994,2015,21,Nugget,4,0,Mechanic,0,1,0,1,0,0
356,2015,2016,1,Centennial,3,0,Notprune,1,5,1,1,0,1
357,1994,2016,22,Nugget,4,0,Chemical,1,3,1,1,0,0
358,1984,2016,32,Nugget,4,0,Mechanic,0,1,0,1,0,0
359,1991,2016,25,Nugget,4,0,Mow_chem,1,3,1,1,0,0
360,1988,2016,28,Nugget,4,0,Mechanic,0,1,0,1,0,0
361,2013,2016,3,Magnum,4,0,Chemical,1,5,1,1,0,0
362,1998,2016,18,Sterling,3,1,Notprune,1,5,1,1,0.025,0
363,2000,2017,17,Sterling,3,0,Chemical,1,2,0,1,0,0
364,2014,2017,3,Centennial,3,0,Mechanic,0,1,0,1,0,0
365,2011,2017,6,Centennial,3,0,Mechanic,0,1,0,1,0,0
366,2014,2017,3,Willamette,3,0,Mow_chem,1,1,0,1,0,0
367,2014,2017,3,Willamette,3,0,Mow_chem,1,1,0,1,0,0
368,2013,2017,4,Chinook,4,0,Mow_chem,1,1,0,1,0,0
369,1993,2017,24,Nugget,4,0,Mow_chem,1,1,0,1,0,0
370,2009,2017,8,Nugget,4,0,Chemical,1,3,1,1,0,0
371,2014,2017,3,Crystal,0,0,Chemical,1,2,0,0,0,0
372,2012,2017,5,Centennial,3,0,Chemical,1,3,1,1,0,0
373,2014,2017,3,Cascade,1,0,Mechanic,0,1,0,0,0,0
374,1993,2017,24,Nugget,4,0,Mow_chem,1,1,0,1,0,0
375,1998,2017,19,Sterling,3,0,Mechanic,0,1,0,1,0,0
376,2011,2017,6,Sterling,3,0,Notprune,1,5,1,1,0,0
377,2013,2017,4,Tettnang,3,1,Chemical,1,3,1,1,0.00125,0
378,2013,2017,4,Bullion,2,0,Mechanic,0,1,0,1,0,0
379,2016,2017,1,Cascade,1,0,Notprune,1,5,1,0,0,1
380,2012,2014,2,Meridian,3,0,Chemical,1,1,0,1,0,0
381,2014,2014,0,Magnum,4,0,Chemical,1,1,0,1,0,0
382,2013,2014,1,Santiam,1,0,Chemical,1,1,0,0,0,1
383,2006,2014,8,Nugget,4,0,Other,1,2,0,1,0,0
384,1988,2014,26,Willamette,3,0,Notprune,1,5,1,1,0,0
385,2012,2014,2,Magnum,4,0,Chemical,1,4,1,1,0,0
386,1995,2015,20,Nugget,4,0,Mechanic,0,2,0,1,0,0
387,2016,2017,1,Centennial,3,0,Chemical,1,3,1,1,0,1
388,2011,2017,6,Saaz,3,0,Chemical,1,3,1,1,0,0
389,1999,2017,18,Magnum,4,0,Chemical,1,5,1,1,0,0
390,2006,2017,11,Nugget,4,0,Mechanic,0,1,0,1,0,0
391,2014,2017,3,Golding,4,0,Mechanic,0,1,0,1,0,0
392,2014,2017,3,Chinook,4,0,Mechanic,0,1,0,1,0,0
393,2014,2017,3,Centennial,3,0,Mechanic,0,1,0,1,0,0
394,2013,2017,4,Cascade,1,0,Mechanic,0,1,0,0,0,0
395,2013,2017,4,Bravo,4,0,Mow_chem,1,1,0,1,0,0
396,2013,2017,4,Apollo,5,0,Mow_chem,1,1,0,1,0,0
397,2013,2017,4,Cascade,1,0,Mow_chem,1,1,0,0,0,0
398,NA,2017,NA,Centennial,3,0,Notprune,1,5,1,1,0,0
399,2016,2017,1,Crystal,0,0,Chemical,1,3,1,0,0,1
400,2016,2017,1,Citra,2,0,Mechanic,0,2,0,1,0,1
401,2006,2017,11,Nugget,4,0,Mechanic,0,1,0,1,0,0
402,1994,2017,23,Nugget,4,0,Chemical,1,2,0,1,0,0
403,1995,2017,22,Nugget,4,0,Mechanic,0,1,0,1,0,0
404,2014,2017,3,Tettnang,3,0,Chemical,1,2,0,1,0,0
405,1995,2017,22,Nugget,4,0,Mechanic,0,1,0,1,0,0
406,2014,2017,3,Magnum,4,0,Chemical,1,2,0,1,0,0
407,2008,2017,9,SuperGalena,5,1,Mechanic,0,1,0,1,0.0025,0
408,1991,2017,26,Nugget,4,0,Chemical,1,3,1,1,0,0
409,2013,2017,4,Magnum,4,0,Chemical,1,3,1,1,0,0
410,2014,2017,3,SorachiAce,3,0,Mechanic,0,1,0,1,0,0
411,1984,2017,33,Nugget,4,0,Chemical,1,2,0,1,0,0
412,1988,2017,29,Nugget,4,0,Mechanic,0,1,0,1,0,0
413,1995,2017,22,Nugget,4,0,Mechanic,0,1,0,1,0,0
414,2016,2017,1,Citra,2,1,Notprune,1,5,1,1,0.00125,1
415,1995,2017,22,Nugget,4,0,Mechanic,0,1,0,1,0,0
416,2016,2017,1,Delta,3,1,Notprune,1,5,1,1,0.00625,1
417,2016,2017,1,Simcoe,4,0,Mow_chem,1,4,1,1,0,1
418,2013,2014,1,Cascade,1,0,Chemical,1,4,1,0,0,1
419,2012,2014,2,Santiam,1,0,Chemical,1,2,0,0,0,0
420,2012,2014,2,Centennial,3,0,Chemical,1,1,0,1,0,0
421,2012,2014,2,Cascade,1,0,Chemical,1,3,1,0,0,0
422,2013,2014,1,Centennial,3,0,Chemical,1,4,1,1,0,1
423,2013,2014,1,Tettnang,3,1,Chemical,1,3,1,1,0.005,1
424,1995,2016,21,Nugget,4,0,Mechanic,0,2,0,1,0,0
425,2008,2016,8,SuperGalena,5,1,Mechanic,0,3,1,1,0.00625,0
426,1995,2016,21,Nugget,4,0,Mechanic,0,4,1,1,0,0
427,1995,2016,21,Nugget,4,0,Mechanic,0,4,1,1,0,0
428,1995,2016,21,Nugget,4,1,Mechanic,0,4,1,1,0.00375,0
429,2015,2017,2,Amarillo,3,0,Mechanic,0,1,0,1,0,0
430,2014,2017,3,Mt.Hood,2,0,Chemical,1,1,0,1,0,0
431,1992,2017,25,Nugget,4,0,Mechanic,0,1,0,1,0,0
432,2000,2017,17,Willamette,3,0,Chemical,1,2,0,1,0,0
433,1991,2017,26,Nugget,4,0,Mechanic,0,1,0,1,0,0
434,2012,2014,2,Centennial,3,0,Chemical,1,2,0,1,0,0
435,2012,2014,2,BrewersGold,4,0,Mechanic,0,4,1,1,0,0
436,1988,2014,26,Nugget,4,0,Mechanic,0,1,0,1,0,0
437,2009,2014,5,SuperGalena,5,0,Mechanic,0,5,1,1,0,0
438,1984,2014,30,Nugget,4,0,Chemical,1,3,1,1,0,0
439,1986,2014,28,Nugget,4,0,Chemical,1,4,1,1,0,0
440,1991,2014,23,Nugget,4,0,Chemical,1,3,1,1,0,0
441,1984,2014,30,Nugget,4,0,Chemical,1,3,1,1,0,0
442,1992,2017,25,Nugget,4,0,Mechanic,0,1,0,1,0,0
443,2016,2017,1,Simcoe,4,0,Mechanic,0,1,0,1,0,1
444,1992,2017,25,Nugget,4,0,Mechanic,0,1,0,1,0,0
445,2004,2017,13,Willamette,3,0,Chemical,1,2,0,1,0,0
446,2006,2017,11,Nugget,4,1,Chemical,1,3,1,1,0.00125,0
447,1981,2014,33,Willamette,3,0,Notprune,1,5,1,1,0,0
448,2002,2017,15,Willamette,3,0,Chemical,1,2,0,1,0,0
449,2008,2014,6,SuperGalena,5,1,Chemical,1,4,1,1,0.02,0
450,1994,2014,20,Nugget,4,1,Chemical,1,2,0,1,0.05,0
451,2013,2014,1,Bullion,2,0,Notprune,1,5,1,1,0,1
452,2016,2017,1,Crystal,0,0,Chemical,1,2,0,0,0,1
453,2016,2017,1,Golding,4,0,Chemical,1,3,1,1,0,1
454,2016,2017,1,Golding,4,0,Chemical,1,4,1,1,0,1
455,2013,2017,4,Chinook,4,0,Chemical,1,3,1,1,0,0
456,2013,2017,4,SorachiAce,3,0,Chemical,1,4,1,1,0,0
457,2011,2017,6,Columbia,2,0,Chemical,1,3,1,1,0,0
458,2011,2017,6,Tettnang,3,0,Chemical,1,3,1,1,0,0
459,2007,2017,10,Cascade,1,0,Chemical,1,3,1,0,0,0
460,2002,2017,15,Fuggle,1,0,Chemical,1,3,1,0,0,0
461,2002,2017,15,Fuggle,1,0,Chemical,1,2,0,0,0,0
462,2000,2017,17,Liberty,1,0,Chemical,1,2,0,0,0,0
463,2000,2017,17,Liberty,1,0,Notprune,1,5,1,0,0,0
464,2000,2017,17,Liberty,1,0,Notprune,1,5,1,0,0,0
465,1998,2017,19,Willamette,3,0,Chemical,1,3,1,1,0,0
466,2013,2017,4,Crystal,0,0,Chemical,1,3,1,0,0,0
467,1990,2017,27,Mt.Hood,2,0,Chemical,1,1,0,1,0,0
468,2014,2017,3,Cascade,1,0,Chemical,1,1,0,0,0,0
469,2014,2017,3,Sterling,3,0,Chemical,1,1,0,1,0,0
470,2015,2017,2,Cascade,1,0,Chemical,1,1,0,0,0,0
471,2014,2017,3,Crystal,0,0,Chemical,1,1,0,0,0,0
472,2014,2017,3,Crystal,0,0,Mechanic,0,1,0,0,0,0
473,2013,2017,4,Crystal,0,0,Notprune,1,5,1,0,0,0
474,2016,2017,1,Cascade,1,0,Chemical,1,1,0,0,0,1
475,2013,2017,4,Santiam,1,0,Notprune,1,5,1,0,0,0
476,2002,2017,15,Fuggle,1,1,Chemical,1,2,0,0,0.00125,0
477,1999,2017,18,Magnum,4,0,Chemical,1,3,1,1,0,0
478,1999,2017,18,Hallertau,2,1,Chemical,1,3,1,1,0.00125,0
479,2015,2017,2,Tettnang,3,1,Chemical,1,3,1,1,0.00125,0
480,2016,2017,1,Cascade,1,0,Chemical,1,1,0,0,0,1
481,2014,2017,3,Willamette,3,0,Chemical,1,3,1,1,0,0
482,2012,2017,5,Sterling,3,0,Chemical,1,2,0,1,0,0
483,2017,2017,0,Comet,0,NA,Notprune,1,5,1,0,NA,0
484,2016,2018,2,Mosaic,1,0,Chemical,1,4,1,0,0,0
485,2016,2018,2,Crystal,0,0,Chemical,1,3,1,0,0,0
486,2016,2018,2,Centennial,3,0,Chemical,1,5,1,1,0,0
487,2016,2018,2,Crystal,0,0,Notprune,1,5,1,0,0,0
488,2016,2018,2,Golding,4,0,Chemical,1,5,1,1,0,0
489,2016,2018,2,Golding,4,0,Chemical,1,5,1,1,0,0
490,2013,2018,5,Chinook,4,0,Notprune,1,5,1,1,0,0
491,2013,2018,5,SorachiAce,3,0,Chemical,1,5,1,1,0,0
492,2011,2018,7,Columbia,2,0,Chemical,1,5,1,1,0,0
493,2011,2018,7,Saaz,3,0,Notprune,1,5,1,1,0,0
494,2007,2018,11,Cascade,1,0,Chemical,1,5,1,0,0,0
495,2002,2018,16,Fuggle,1,1,Notprune,1,5,1,0,0.00375,0
496,2000,2018,18,Liberty,1,0,Notprune,1,5,1,0,0,0
497,2000,2018,18,Liberty,1,0,Notprune,1,5,1,0,0,0
498,2000,2018,18,Liberty,1,0,Notprune,1,5,1,0,0,0
499,1999,2018,19,Magnum,4,0,Notprune,1,5,1,1,0,0
500,1998,2018,20,Willamette,3,0,Notprune,1,5,1,1,0,0
501,2017,2018,1,SuperGalena,5,1,Notprune,1,5,1,1,0.00375,1
502,2017,2018,1,Cascade,1,0,Notprune,1,5,1,0,0,1
503,2016,2018,2,Citra,2,0,Chemical,1,3,1,1,0,0
504,2016,2018,2,Cascade,1,0,Chemical,1,4,1,0,0,0
505,2014,2018,4,Magnum,4,0,Chemical,1,2,0,1,0,0
506,2013,2018,5,Magnum,4,1,Chemical,1,3,1,1,0.14125,0
507,2012,2018,6,Magnum,4,0,Chemical,1,3,1,1,0,0
508,2008,2018,10,SuperGalena,5,0,Chemical,1,4,1,1,0,0
509,2006,2018,12,Nugget,4,0,Mechanic,0,1,0,1,0,0
510,2006,2018,12,Nugget,4,0,Mechanic,0,1,0,1,0,0
511,2000,2018,18,Sterling,3,0,Chemical,1,2,0,1,0,0
512,1991,2018,27,Nugget,4,1,Chemical,1,2,0,1,0.00375,0
513,1990,2018,28,Mt.Hood,2,0,Chemical,1,4,1,1,0,0
514,2015,2018,3,Tahoma,3,0,Chemical,1,4,1,1,0,0
515,2015,2018,3,Centennial,3,0,Chemical,1,4,1,1,0,0
516,2015,2018,3,Simcoe,4,0,Chemical,1,3,1,1,0,0
517,2015,2018,3,Simcoe,4,0,Chemical,1,3,1,1,0,0
518,2015,2018,3,Sterling,3,0,Notprune,1,5,1,1,0,0
519,2014,2018,4,Willamette,3,0,Chemical,1,5,1,1,0,0
520,2017,2018,1,Comet,0,0,Chemical,1,1,0,0,0,1
521,2015,2018,3,Amarillo,3,0,Mechanic,0,1,0,1,0,0
522,2014,2018,4,Golding,4,0,Mechanic,0,1,0,1,0,0
523,2014,2018,4,Centennial,3,0,Mechanic,0,1,0,1,0,0
524,2014,2018,4,Chinook,4,0,Mechanic,0,1,0,1,0,0
525,2014,2018,4,Mt.Hood,2,0,Chemical,1,1,0,1,0,0
526,2014,2018,4,Centennial,3,0,Mechanic,0,1,0,1,0,0
527,2011,2018,7,Centennial,3,0,Notprune,1,5,1,1,0,0
528,1998,2018,20,Sterling,3,0,Mechanic,0,1,0,1,0,0
529,1992,2018,26,Nugget,4,0,Mechanic,0,1,0,1,0,0
530,1992,2018,26,Nugget,4,0,Mechanic,0,1,0,1,0,0
531,2016,2018,2,Centennial,3,0,Mechanic,0,2,0,1,0,0
532,2016,2018,2,Delta,3,1,Mechanic,0,2,0,1,0.001,0
533,2014,2018,4,Cascade,1,0,Mechanic,0,3,1,0,0,0
534,2014,2018,4,Fuggle,1,0,Mechanic,0,2,0,0,0,0
535,2014,2018,4,SorachiAce,3,0,Mechanic,0,3,1,1,0,0
536,2013,2018,5,Cascade,1,0,Mechanic,0,2,0,0,0,0
537,2013,2018,5,Centennial,3,0,Mechanic,0,3,1,1,0,0
538,2013,2018,5,Fuggle,1,0,Mechanic,0,4,1,0,0,0
539,1995,2018,23,Nugget,4,0,Mechanic,0,1,0,1,0,0
540,1995,2018,23,Nugget,4,0,Mechanic,0,2,0,1,0,0
541,1995,2018,23,Nugget,4,0,Mechanic,0,4,1,1,0,0
542,1995,2018,23,Nugget,4,0,Mechanic,0,1,0,1,0,0
543,2014,2018,4,Nugget,4,1,Mow_chem,1,3,1,1,0.00125,0
544,2014,2018,4,Willamette,3,0,Mow_chem,1,5,1,1,0,0
545,2014,2018,4,Willamette,3,1,Mow_chem,1,5,1,1,0.001086957,0
546,2013,2018,5,Chinook,4,0,Mow_chem,1,5,1,1,0,0
547,2013,2018,5,Bravo,4,1,Mow_chem,1,5,1,1,0.00125,0
548,2013,2018,5,Apollo,5,1,Mow_chem,1,2,0,1,0.006,0
549,2013,2018,5,Cascade,1,1,Mow_chem,1,3,1,0,0.00375,0
550,2013,2018,5,Tettnang,3,0,Mow_chem,1,5,1,1,0,0
551,2013,2018,5,Cascade,1,0,Mow_chem,1,3,1,0,0,0
552,1993,2018,25,Nugget,4,0,Mow_chem,1,2,0,1,0,0
553,1993,2018,25,Nugget,4,1,Mow_chem,1,2,0,1,0.00125,0
554,NA,2018,NA,Centennial,3,0,Chemical,1,3,1,1,0,0
555,2017,2018,1,Cascade,1,1,Chemical,1,2,0,0,0.00875,1
556,2017,2018,1,Strata,1,0,Chemical,1,3,1,0,0,1
557,2016,2018,2,HHA102,2,0,Chemical,1,5,1,1,0,0
558,2016,2018,2,Willamette,3,0,Chemical,1,5,1,1,0,0
559,2016,2018,2,Sterling,3,0,Chemical,1,4,1,1,0,0
560,2016,2018,2,Tettnang,3,0,Mechanic,0,2,0,1,0,0
561,2011,2018,7,Sterling,3,0,Mechanic,0,1,0,1,0,0
562,2016,2018,2,Crystal,0,0,Chemical,1,3,1,0,0,0
563,2009,2018,9,Nugget,4,0,Chemical,1,2,0,1,0,0
564,2016,2018,2,Crystal,0,0,Chemical,1,2,0,0,0,0
565,2015,2018,3,Strata,1,0,Chemical,1,4,1,0,0,0
566,2014,2018,4,Cascade,1,0,Mechanic,0,1,0,0,0,0
567,2014,2018,4,Crystal,0,0,Chemical,1,3,1,0,0,0
568,2014,2018,4,Tettnang,3,0,Chemical,1,3,1,1,0,0
569,2012,2018,6,Santiam,1,0,Chemical,1,3,1,0,0,0
570,2012,2018,6,Centennial,3,0,Chemical,1,3,1,1,0,0
571,2012,2018,6,Centennial,3,0,Mechanic,0,1,0,1,0,0
572,2008,2018,10,Willamette,3,0,Chemical,1,4,1,1,0,0
573,2008,2018,10,Centennial,3,0,Chemical,1,1,0,1,0,0
574,2006,2018,12,Nugget,4,0,Mechanic,0,2,0,1,0,0
575,2000,2018,18,Willamette,3,0,Chemical,1,4,1,1,0,0
576,2002,2018,16,Willamette,3,0,Mechanic,0,1,0,1,0,0
577,2004,2018,14,Willamette,3,0,Chemical,1,5,1,1,0,0
578,2016,2018,2,Citra,2,0,Mechanic,0,3,1,1,0,0
579,2016,2018,2,Simcoe,4,0,Mechanic,0,3,1,1,0,0
580,2016,2018,2,Simcoe,4,1,Mow_chem,1,3,1,1,0.001231527,0
581,2016,2018,2,Centennial,3,0,Mow_chem,1,5,1,1,0,0
582,2015,2018,3,Crystal,0,0,Mow_chem,1,4,1,0,0,0
583,2013,2018,5,Cascade,1,0,Mow_chem,1,3,1,0,0,0
584,2013,2018,5,Simcoe,4,0,Mow_chem,1,2,0,1,0,0
585,2011,2018,7,Magnum,4,0,Mow_chem,1,3,1,1,0,0
586,2010,2018,8,Mt.Hood,2,0,Mow_chem,1,5,1,1,0,0
587,2006,2018,12,Millennium,4,0,Mow_chem,1,2,0,1,0,0
588,2004,2018,14,Sterling,3,0,Notprune,1,5,1,1,0,0
589,2004,2018,14,BrewersGold,4,0,Notprune,1,5,1,1,0,0
590,2004,2018,14,Santiam,1,0,Mow_chem,1,5,1,0,0,0
591,2004,2018,14,Santiam,1,0,Notprune,1,5,1,0,0,0
592,2014,2018,4,Centennial,3,0,Chemical,1,3,1,1,0,0
593,2013,2018,5,Bullion,2,0,Mechanic,0,4,1,1,0,0
594,2013,2018,5,Cascade,1,0,Mechanic,0,3,1,0,0,0
595,2013,2018,5,Tettnang,3,1,Chemical,1,2,0,1,0.00209205,0
596,2013,2018,5,Centennial,3,0,Chemical,1,2,0,1,0,0
597,2012,2018,6,BrewersGold,4,0,Mechanic,0,4,1,1,0,0
598,1994,2018,24,Nugget,4,0,Chemical,1,3,1,1,0,0
599,1991,2018,27,Nugget,4,0,Chemical,1,3,1,1,0,0
600,1988,2018,30,Nugget,4,0,Chemical,1,2,0,1,0,0
601,1988,2018,30,Willamette,3,0,Chemical,1,2,0,1,0,0
602,1984,2018,34,Nugget,4,0,Chemical,1,2,0,1,0,0
603,1984,2018,34,Nugget,4,0,Chemical,1,2,0,1,0,0
604,1981,2018,37,Willamette,3,0,Mechanic,0,1,0,1,0,0
605,2008,2019,11,Nugget,4,0,Mechanic,0,3,1,1,0,0
606,1985,2019,34,Nugget,4,0,Mow_chem,1,2,0,1,0,0
607,1985,2019,34,Nugget,4,0,Mow_chem,1,2,0,1,0,0
608,1985,2019,34,Nugget,4,0,Mow_chem,1,2,0,1,0,0
609,1984,2019,35,Nugget,4,0,Chemical,1,5,1,1,0,0
610,2016,2019,3,Sterling,3,0,Mechanic,0,1,0,1,0,0
611,2014,2019,5,Centennial,3,0,Mechanic,0,4,1,1,0,0
612,2014,2019,5,Chinook,4,0,Mechanic,0,4,1,1,0,0
613,2014,2019,5,Mt.Hood,2,0,Mechanic,0,4,1,1,0,0
614,2014,2019,5,Fuggle,1,0,Chemical,1,4,1,0,0,0
615,2013,2019,6,Fuggle,1,0,Mechanic,0,4,1,0,0,0
616,1997,2019,22,Nugget,4,0,Mechanic,0,1,0,1,0,0
617,1992,2019,27,Nugget,4,0,Mechanic,0,1,0,1,0,0
618,1992,2019,27,Nugget,4,0,Mechanic,0,1,0,1,0,0
619,1991,2019,28,Nugget,4,0,Mechanic,0,1,0,1,0,0
620,2014,2019,5,Nugget,4,0,Mechanic,0,1,0,1,0,0
621,2005,2019,14,Nugget,4,0,Notprune,1,5,1,1,0,0
622,NA,2019,NA,Cascade,1,0,Mechanic,0,1,0,0,0,NA
623,NA,2019,NA,Centennial,3,0,Mechanic,0,1,0,1,0,NA
624,NA,2019,NA,Chinook,4,0,Mechanic,0,1,0,1,0,NA
625,NA,2019,NA,Mt.Hood,2,0,Mechanic,0,1,0,1,0,NA
626,NA,2019,NA,Nugget,4,0,Mechanic,0,3,1,1,0,NA
627,NA,2019,NA,Nugget,4,0,Mechanic,0,3,1,1,0,NA
628,NA,2019,NA,Nugget,4,0,Notprune,1,5,1,1,0,NA
629,NA,2019,NA,Nugget,4,0,Notprune,1,5,1,1,0,NA
630,NA,2019,NA,SuperGalena,5,0,Notprune,1,5,1,1,0,NA
631,NA,2019,NA,Willamette,3,0,Mechanic,0,2,0,1,0,NA
632,NA,2019,NA,Willamette,3,0,Mechanic,0,1,0,1,0,NA
633,1993,2019,26,Nugget,4,0,Chemical,1,2,0,1,0,0
634,1994,2019,25,Nugget,4,0,Mechanic,0,2,0,1,0,0
635,2005,2019,14,Nugget,4,0,Notprune,1,5,1,1,0,0
636,2019,2019,0,Amarillo,3,0,Mow_chem,1,4,1,1,0,0
637,NA,2019,NA,Mt.Hood,2,0,Mechanic,0,1,0,1,0,NA
638,2005,2019,14,Nugget,4,0,Notprune,1,5,1,1,0,0
639,NA,2019,NA,Centennial,3,0,Mechanic,0,1,0,1,0,NA
640,1992,2019,27,Nugget,4,0,Mechanic,0,4,1,1,0,0
641,1989,2019,30,Nugget,4,0,Mechanic,0,2,0,1,0,0
642,1992,2019,27,Nugget,4,0,Mechanic,0,4,1,1,0,0
643,1993,2019,26,Nugget,4,0,Chemical,1,3,1,1,0,0
644,1994,2019,25,Nugget,4,0,Mechanic,0,2,0,1,0,0
645,2005,2019,14,Nugget,4,0,Mechanic,0,4,1,1,0,0
646,2014,2019,5,Amarillo,3,0,Mechanic,0,2,0,1,0,0
647,1991,2019,28,Nugget,4,0,Mechanic,0,1,0,1,0,0
648,1994,2019,25,Nugget,4,0,Mechanic,0,2,0,1,0,0
649,2014,2019,5,Centennial,3,0,Mechanic,0,2,0,1,0,0
650,2015,2019,4,Nugget,4,0,Mechanic,0,4,1,1,0,0
651,2006,2019,13,Nugget,4,0,Mechanic,0,1,0,1,0,0
652,1991,2019,28,Nugget,4,0,Mechanic,0,3,1,1,0,0
653,1992,2019,27,Nugget,4,0,Mechanic,0,4,1,1,0,0
654,NA,2019,NA,Cascade,1,0,Mechanic,0,1,0,0,0,NA
655,2014,2019,5,Golding,4,0,Mechanic,0,3,1,1,0,0
656,2006,2019,13,Nugget,4,0,Mechanic,0,1,0,1,0,0
657,2009,2019,10,Nugget,4,0,Mow_chem,1,4,1,1,0,0
658,2011,2019,8,Cascade,1,0,Mechanic,0,2,0,0,0,0
659,2008,2019,11,Nugget,4,0,Notprune,1,5,1,1,0,0
660,2008,2019,11,Nugget,4,0,Chemical,1,5,1,1,0,0
661,1995,2019,24,Nugget,4,0,Chemical,1,5,1,1,0,0
662,2012,2019,7,BrewersGold,4,0,Notprune,1,5,1,1,0,0
663,1989,2019,30,SuperGalena,5,0,Mechanic,0,2,0,1,0,0
664,2014,2019,5,Centennial,3,0,Notprune,1,5,1,1,0,0
665,2006,2019,13,Nugget,4,1,Mechanic,0,4,1,1,0.0025,0
666,1984,2019,35,Nugget,4,0,Mechanic,0,2,0,1,0,0
667,2013,2019,6,Cascade,1,0,Mechanic,0,4,1,0,0,0
668,2013,2019,6,Tettnang,3,1,Chemical,1,3,1,1,0.0025,0
669,1995,2019,24,Nugget,4,0,Mechanic,0,3,1,1,0,0
670,1991,2019,28,Nugget,4,0,Mechanic,0,4,1,1,0,0
671,2011,2019,8,Centennial,3,0,Mechanic,0,3,1,1,0,0
672,2014,2019,5,SorachiAce,3,0,Mechanic,0,2,0,1,0,0
673,1984,2019,35,Nugget,4,0,Notprune,1,5,1,1,0,0
674,1995,2019,24,Nugget,4,0,Mechanic,0,3,1,1,0,0
675,1988,2019,31,Willamette,3,0,Mechanic,0,3,1,1,0,0
676,1995,2019,24,Nugget,4,0,Mechanic,0,3,1,1,0,0
677,1995,2019,24,Nugget,4,0,Mechanic,0,3,1,1,0,0
678,2016,2019,3,Delta,3,0,Mechanic,0,4,1,1,0,0
679,1984,2019,35,Nugget,4,0,Notprune,1,5,1,1,0,0
680,1988,2019,31,Nugget,4,0,Mechanic,0,1,0,1,0,0
681,1991,2019,28,Nugget,4,1,Notprune,1,5,1,1,0.0025,0
682,2018,2019,1,SuperGalena,5,0,Mechanic,0,3,1,1,0,1
683,2006,2019,13,Nugget,4,0,Notprune,1,5,1,1,0,0
684,1983,2019,36,Nugget,4,0,Notprune,1,5,1,1,0,0
685,1983,2019,36,Nugget,4,0,Notprune,1,5,1,1,0,0
686,1983,2019,36,Nugget,4,0,Notprune,1,5,1,1,0,0
687,2019,2019,NA,Experimental,NA,0,Notprune,1,5,1,NA,0,NA
688,2014,2019,5,Bullion,2,0,Notprune,1,5,1,1,0,0
689,1981,2019,38,Willamette,3,0,Notprune,1,5,1,1,0,0
690,2008,2020,12,Nugget,4,0,Mow_chem,1,2,0,1,0,0
691,1985,2020,35,Nugget,4,0,Mow_chem,1,2,0,1,0,0
692,2006,2020,14,Nugget,4,0,Mow_chem,1,1,0,1,0,0
693,2019,2020,1,Amarillo,3,0,Mechanic,0,1,0,1,0,1
694,2016,2020,4,Sterling,3,0,Mechanic,0,1,0,1,0,0
695,2014,2020,6,Golding,4,0,Mechanic,0,2,0,1,0,0
696,2014,2020,6,Centennial,3,0,Mechanic,0,1,0,1,0,0
697,2014,2020,6,Mt.Hood,2,0,Mechanic,0,1,0,1,0,0
698,2020,2020,0,Citra,2,0,Mechanic,0,3,1,1,0,0
699,2020,2020,0,Mosaic,1,0,Mechanic,0,3,1,0,0,0
700,2019,2020,1,Citra,2,0,Mechanic,0,1,0,1,0,1
701,2019,2020,1,Strata,1,0,Chemical,1,1,0,0,0,1
702,2013,2020,7,Cascade,1,0,Mechanic,0,1,0,0,0,0
703,1993,2020,27,Nugget,4,0,Mechanic,0,2,0,1,0,0
704,2009,2020,11,Nugget,4,0,Mechanic,0,1,0,1,0,0
705,1992,2020,28,Nugget,4,0,Mechanic,0,1,0,1,0,0
706,1991,2020,29,Nugget,4,0,Mechanic,0,1,0,1,0,0
707,2014,2020,6,Nugget,4,0,Mechanic,0,3,1,1,0,0
708,1994,2020,26,Nugget,4,0,Mechanic,0,1,0,1,0,0
709,1991,2020,29,Nugget,4,0,Mechanic,0,3,1,1,0,0
710,2005,2020,15,Nugget,4,0,Notprune,1,5,1,1,0,0
711,NA,2020,NA,Cascade,1,0,Mechanic,0,1,0,0,0,NA
712,NA,2020,NA,Cascade,1,0,Mechanic,0,1,0,0,0,NA
713,NA,2020,NA,Centennial,3,0,Mechanic,0,5,1,1,0,NA
714,NA,2020,NA,Centennial,3,0,Mechanic,0,1,0,1,0,NA
715,NA,2020,NA,Chinook,4,0,Notprune,1,5,1,1,0,NA
716,NA,2020,NA,Mt.Hood,2,0,Mechanic,0,1,0,1,0,NA
717,NA,2020,NA,Mt.Hood,2,0,Notprune,1,5,1,1,0,NA
718,NA,2020,NA,Nugget,4,0,Notprune,1,5,1,1,0,NA
719,NA,2020,NA,Nugget,4,0,Notprune,1,5,1,1,0,NA
720,NA,2020,NA,Nugget,4,0,Notprune,1,5,1,1,0,NA
721,NA,2020,NA,Nugget,4,0,Notprune,1,5,1,1,0,NA
722,NA,2020,NA,Willamette,3,0,Mechanic,0,1,0,1,0,NA
723,1984,2020,36,Nugget,4,0,Notprune,1,5,1,1,0,0
724,1994,2020,26,Nugget,4,0,Mechanic,0,1,0,1,0,0
725,1997,2020,23,Nugget,4,0,Mechanic,0,1,0,1,0,0
726,2015,2020,5,Nugget,4,0,Mechanic,0,4,1,1,0,0
727,2014,2020,6,Centennial,3,0,Chemical,1,1,0,1,0,0
728,1992,2020,28,Nugget,4,0,Mechanic,0,2,0,1,0,0
729,2005,2020,15,Nugget,4,0,Mechanic,0,4,1,1,0,0
730,2013,2020,7,Fuggle,1,0,Mechanic,0,2,0,0,0,0
731,NA,2020,NA,SuperGalena,5,0,Notprune,1,5,1,1,0,NA
732,2006,2020,14,Nugget,4,0,Mow_chem,1,1,0,1,0,0
733,1989,2020,31,Nugget,4,0,Mechanic,0,1,0,1,0,0
734,2014,2020,6,Fuggle,1,0,Mechanic,0,1,0,0,0,0
735,1991,2020,29,Nugget,4,0,Mechanic,0,1,0,1,0,0
736,2014,2020,6,Centennial,3,1,Notprune,1,5,1,1,0.00125,0
737,1992,2020,28,Nugget,4,0,Mechanic,0,1,0,1,0,0
738,1984,2020,36,Nugget,4,0,Mechanic,0,5,1,1,0,0
739,2006,2020,14,Nugget,4,0,Mechanic,0,4,1,1,0,0
740,1985,2020,35,Nugget,4,0,Mow_chem,1,2,0,1,0,0
741,2014,2020,6,Amarillo,3,1,Mechanic,0,1,0,1,0.0025,0
742,1994,2020,26,Nugget,4,0,Mechanic,0,1,0,1,0,0
743,1992,2020,28,Nugget,4,0,Mechanic,0,1,0,1,0,0
744,2014,2020,6,Chinook,4,0,Mechanic,0,1,0,1,0,0
745,1992,2020,28,Nugget,4,0,Mechanic,0,1,0,1,0,0
746,1995,2020,25,Nugget,4,0,Mechanic,0,1,0,1,0,0
747,2016,2020,4,Delta,3,0,Mechanic,0,1,0,1,0,0
748,NA,2020,NA,Willamette,3,0,Mechanic,0,1,0,1,0,NA
749,2005,2020,15,Nugget,4,0,Notprune,1,5,1,1,0,0
750,1995,2020,25,Nugget,4,0,Mechanic,0,3,1,1,0,0
751,1995,2020,25,Nugget,4,0,Notprune,1,5,1,1,0,0
752,2005,2020,15,Nugget,4,0,Notprune,1,5,1,1,0,0
753,2011,2020,9,Cascade,1,0,Mechanic,0,2,0,0,0,0
754,1985,2020,35,Nugget,4,0,Mow_chem,1,2,0,1,0,0
755,1984,2020,36,Nugget,4,0,Mechanic,0,2,0,1,0,0
756,2019,2020,1,Citra,2,0,Notprune,1,5,1,1,0,1
757,2014,2020,6,SorachiAce,3,0,Mechanic,0,1,0,1,0,0
758,2011,2020,9,Centennial,3,1,Notprune,1,5,1,1,0.00125,0
759,1991,2020,29,Nugget,4,0,Mechanic,0,2,0,1,0,0
760,1988,2020,32,Willamette,3,0,Mechanic,0,1,0,1,0,0
761,2008,2020,12,Nugget,4,0,Notprune,1,5,1,1,0,0
762,2008,2020,12,Nugget,4,0,Notprune,1,5,1,1,0,0
763,1988,2020,32,Nugget,4,0,Mechanic,0,1,0,1,0,0
764,2012,2020,8,Nugget,4,1,Notprune,1,5,1,1,0.00125,0
765,2019,2020,NA,Experimental,NA,0,Mechanic,0,NA,NA,NA,0,1
766,2014,2020,6,Bullion,2,0,Notprune,1,5,1,1,0,0
767,1994,2020,26,Nugget,4,0,Notprune,1,5,1,1,0,0